1002,Ania Irvin,PO Box 96621,Washington,District of Columbia,20090
1004,Kenzie Quinn,1990 Westwood Blvd Ste 260,Los Angeles,California,90025
1006,Anton Mauro,3255 Ramos Cir,Sacramento,California,95827
1008,Kaitlyn Anthoni,Box 52001,San Francisco,California,94152
1010,Kendall Mayte,PO Box 2069,Fresno,California,93718
1012,Marvin Quintin,"4420 N. First Street, Suite 108",Fresno,California,93726
1015,Gonzalo Keeton,27371 Valderas,Mission Viejo,California,92691
1016,Derek Chaddick,"1952 ""H"" Street",Fresno,California,93718
1017,Malia Marques,7700 Forsyth,St Louis,Missouri,63105
1018,Emily Evan,1555 W Lane Ave,Columbus,Ohio,43221
1019,Alexandro Alexis,3711 W Franklin,Fresno,California,93706
1023,Ingrid Neil,12 Daniel Road,Fairfield,New Jersey,07004
1026,Eileen Lawrence,"1483 Chain Bridge Rd, Ste 202",Mclean,Virginia,22101
1027,Marjorie Essence,PO Box 31,East Brunswick,New Jersey,08810
1029,Trentin Camron,PO Box 61000,San Francisco,California,94161
1030,Demetrius Hunter,PO Box 956,Selma,California,93662
1033,Thalia Neftaly,60 Madison Ave,New York,New York,10010
1034,Harley Myles,PO Box 7028,St Louis,Missouri,63177
1037,Gideon Paris,1033 N Sycamore Ave.,Los Angeles,California,90038
1038,Jayda Maxwell,PO Box 39046,Minneapolis,Minnesota,55439
1040,Kristofer Gerald,PO Box 40513,Jacksonville,Florida,32231
1045,Priscilla Carrollton,Box 1979,Marion,Ohio,43305
1047,Brian Griffin,1150 N Tustin Ave,Anaheim,California,92807
1049,Kaylea Cheyenne,2384 E Gettysburg,Fresno,California,93726
1050,Kayle Misael,PO Box 95857,Chicago,Illinois,60694
1051,Clarence Maeve,PO Box 7247-7051,Philadelphia,Pennsylvania,19170
1054,Jovon Walker,627 Aviation Way,Manhatttan Beach,California,90266
1056,Nashalie Angelica,828 S Broadway,Tarrytown,New York,10591
1063,Leroy Aryn,3502 W Greenway #7,Phoenix,Arizona,85023
1065,Anne Braydon,PO Box 942,Fresno,California,93714
1066,Leah Colton,1626 E Street,Fresno,California,93786
1067,Cesar Arodondo,4545 Glenmeade Lane,Auburn Hills,Michigan,48326
1068,Rachael Danielson,353 E Shaw Ave,Fresno,California,93710
1070,Salina Edgardo,"6435 North Palm Ave, Ste 101",Fresno,California,93704
1071,Daniel Bradlee,4 Cornwall Dr Ste 102,East Brunswick,New Jersey,08816
1074,Quentin Warren,PO Box 12332,Fresno,California,93777
1080,Jillian Clifford,3250 Spring Grove Ave,Cincinnati,Ohio,45225
1081,Angel Lloyd,Department #1872,San Francisco,California,94161
1083,Jeanette Helena,4775 E Miami River Rd,Cleves,Ohio,45002
1086,Luciano Destin,P O Box 7126,Pasadena,California,91109
1089,Kyra Francis,"4150 W Shaw Ave ",Fresno,California,93722
1094,Lance Potter,28210 N Avenue Stanford,Valencia,California,91355
1097,Jeffrey Smitzen,PO Box 1091,Fresno,California,93714
1098,Vance Johnson,9 River Pk Pl E 400,Boston,Massachusetts,02134
1100,Thom Aaronsen,7112 N Fresno St Ste 200,Fresno,California,93720
1112,Harold Spivak,2874 S Cherry Ave,Fresno,California,93706
1113,Rachael Bluzinski,P.O. Box 860070,Pasadena,California,91186
1114,Reba Hernandez,PO Box 2061,Fresno,California,93718
1116,Jaime Ronaldsen,3467 W Shaw Ave #103,Fresno,California,93711
1117,Violet Beauregard,P.O. Box 505820,Reno,Nevada,88905
1118,Charlie Bucket,P.O. Box 1140,Memphis,Tennessee,38101
